[
    {
        "code": "AS",
        "name": "亚洲",
        "name_en": "Asia",
        "children": [
            {
                "code": "CN",
                "name": "中国",
                "name_en": "China"
            },
            {
                "code": "AFG",
                "name": "阿富汗",
                "name_en": "Afghanistan"
            },
            {
                "code": "ARE",
                "name": "阿拉伯联合酋长国",
                "name_en": "United Arab Emirates"
            },
            {
                "code": "OMN",
                "name": "阿曼",
                "name_en": "Oman"
            },
            {
                "code": "AZE",
                "name": "阿塞拜疆",
                "name_en": "Azerbaijan"
            },
            {
                "code": "PAK",
                "name": "巴基斯坦",
                "name_en": "Pakistan"
            },
            {
                "code": "PSE",
                "name": "巴勒斯坦",
                "name_en": "Palestinian Authority"
            },
            {
                "code": "BHR",
                "name": "巴林",
                "name_en": "Bahrain"
            },
            {
                "code": "BTN",
                "name": "不丹",
                "name_en": "Bhutan"
            },
            {
                "code": "PRK",
                "name": "朝鲜",
                "name_en": "North Korea"
            },
            {
                "code": "TLS",
                "name": "东帝汶",
                "name_en": "Timor-Leste"
            },
            {
                "code": "PHL",
                "name": "菲律宾",
                "name_en": "Philippines"
            },
            {
                "code": "KAZ",
                "name": "哈萨克斯坦",
                "name_en": "Kazakhstan"
            },
            {
                "code": "KOR",
                "name": "韩国",
                "name_en": "Korea"
            },
            {
                "code": "KGZ",
                "name": "吉尔吉斯斯坦",
                "name_en": "Kyrgyzstan"
            },
            {
                "code": "KHM",
                "name": "柬埔寨",
                "name_en": "Cambodia"
            },
            {
                "code": "QAT",
                "name": "卡塔尔",
                "name_en": "Qatar"
            },
            {
                "code": "KWT",
                "name": "科威特",
                "name_en": "Kuwait"
            },
            {
                "code": "LAO",
                "name": "老挝",
                "name_en": "Laos"
            },
            {
                "code": "LBN",
                "name": "黎巴嫩",
                "name_en": "Lebanon"
            },
            {
                "code": "MDV",
                "name": "马尔代夫",
                "name_en": "Maldives"
            },
            {
                "code": "MYS",
                "name": "马来西亚",
                "name_en": "Malaysia"
            },
            {
                "code": "MNG",
                "name": "蒙古",
                "name_en": "Mongolia"
            },
            {
                "code": "BGD",
                "name": "孟加拉",
                "name_en": "Bangladesh"
            },
            {
                "code": "MMR",
                "name": "缅甸",
                "name_en": "Myanmar"
            },
            {
                "code": "NPL",
                "name": "尼泊尔",
                "name_en": "Nepal"
            },
            {
                "code": "JPN",
                "name": "日本",
                "name_en": "Japan"
            },
            {
                "code": "CYP",
                "name": "塞浦路斯",
                "name_en": "Cyprus"
            },
            {
                "code": "SAU",
                "name": "沙特阿拉伯",
                "name_en": "Saudi Arabia"
            },
            {
                "code": "LKA",
                "name": "斯里兰卡",
                "name_en": "Sri Lanka"
            },
            {
                "code": "TJK",
                "name": "塔吉克斯坦",
                "name_en": "Tajikistan"
            },
            {
                "code": "THA",
                "name": "泰国",
                "name_en": "Thailand"
            },
            {
                "code": "TUR",
                "name": "土耳其",
                "name_en": "Turkey"
            },
            {
                "code": "TKM",
                "name": "土库曼斯坦",
                "name_en": "Turkmenistan"
            },
            {
                "code": "BRN",
                "name": "文莱",
                "name_en": "Brunei"
            },
            {
                "code": "UZB",
                "name": "乌兹别克斯坦",
                "name_en": "Uzbekistan"
            },
            {
                "code": "SGP",
                "name": "新加坡",
                "name_en": "Singapore"
            },
            {
                "code": "SYR",
                "name": "叙利亚",
                "name_en": "Syria"
            },
            {
                "code": "ARM",
                "name": "亚美尼亚",
                "name_en": "Armenia"
            },
            {
                "code": "YEM",
                "name": "也门",
                "name_en": "Yemen"
            },
            {
                "code": "IRQ",
                "name": "伊拉克",
                "name_en": "Iraq"
            },
            {
                "code": "IRN",
                "name": "伊朗",
                "name_en": "Iran"
            },
            {
                "code": "ISR",
                "name": "以色列",
                "name_en": "Israel"
            },
            {
                "code": "IND",
                "name": "印度",
                "name_en": "India"
            },
            {
                "code": "IDN",
                "name": "印度尼西亚",
                "name_en": "Indonesia"
            },
            {
                "code": "JOR",
                "name": "约旦",
                "name_en": "Jordan"
            },
            {
                "code": "VNM",
                "name": "越南",
                "name_en": "Vietnam"
            },
            {
                "code": "AE",
                "name": "阿联酋",
                "name_en": "United Arab Emirates"
            }
        ]
    },
    {
        "code": "EU",
        "name": "欧洲",
        "name_en": "Europe",
        "children": [
            {
                "code": "ALB",
                "name": "阿尔巴尼亚",
                "name_en": "Albania"
            },
            {
                "code": "IRL",
                "name": "爱尔兰",
                "name_en": "Ireland"
            },
            {
                "code": "EST",
                "name": "爱沙尼亚",
                "name_en": "Estonia"
            },
            {
                "code": "AND",
                "name": "安道尔",
                "name_en": "Andorra"
            },
            {
                "code": "AUT",
                "name": "奥地利",
                "name_en": "Austria"
            },
            {
                "code": "ALA",
                "name": "奥兰群岛",
                "name_en": "Aland lslands"
            },
            {
                "code": "BLR",
                "name": "白俄罗斯",
                "name_en": "White Russia"
            },
            {
                "code": "BGR",
                "name": "保加利亚",
                "name_en": "Bulgaria"
            },
            {
                "code": "BEL",
                "name": "比利时",
                "name_en": "Belgium"
            },
            {
                "code": "ISL",
                "name": "冰岛",
                "name_en": "Iceland"
            },
            {
                "code": "POL",
                "name": "波兰",
                "name_en": "Poland"
            },
            {
                "code": "BIH",
                "name": "波斯尼亚和黑塞哥维那",
                "name_en": "Bosnia and Herzegovina"
            },
            {
                "code": "BVT",
                "name": "布韦岛",
                "name_en": "Bouvet Island"
            },
            {
                "code": "DNK",
                "name": "丹麦",
                "name_en": "Denmark"
            },
            {
                "code": "DEU",
                "name": "德国",
                "name_en": "Germany"
            },
            {
                "code": "RUS",
                "name": "俄罗斯",
                "name_en": "Russia"
            },
            {
                "code": "FRA",
                "name": "法国",
                "name_en": "France"
            },
            {
                "code": "FRO",
                "name": "法罗群岛",
                "name_en": "Faroe Islands"
            },
            {
                "code": "ATF",
                "name": "法属南部领地",
                "name_en": "French Southern and Antarctic Lands"
            },
            {
                "code": "VAT",
                "name": "梵蒂冈",
                "name_en": "Vatican City"
            },
            {
                "code": "FIN",
                "name": "芬兰",
                "name_en": "Finland"
            },
            {
                "code": "FLK",
                "name": "弗兰克群岛",
                "name_en": "Falkland Islands"
            },
            {
                "code": "GGY",
                "name": "格恩西岛",
                "name_en": "Guernsey"
            },
            {
                "code": "NLD",
                "name": "荷兰",
                "name_en": "Netherlands"
            },
            {
                "code": "CZE",
                "name": "捷克共和国",
                "name_en": "Czech Republic"
            },
            {
                "code": "HRV",
                "name": "克罗地亚",
                "name_en": "Croatia"
            },
            {
                "code": "LVA",
                "name": "拉脱维亚",
                "name_en": "Latvia"
            },
            {
                "code": "LTU",
                "name": "立陶宛",
                "name_en": "Lithuania"
            },
            {
                "code": "LIE",
                "name": "列支敦士登",
                "name_en": "Liechtenstein"
            },
            {
                "code": "REU",
                "name": "留尼旺岛",
                "name_en": "Reunion"
            },
            {
                "code": "LUX",
                "name": "卢森堡",
                "name_en": "Luxembourg"
            },
            {
                "code": "ROU",
                "name": "罗马尼亚",
                "name_en": "Romania"
            },
            {
                "code": "MLT",
                "name": "马耳他",
                "name_en": "Malta"
            },
            {
                "code": "MKD",
                "name": "马其顿",
                "name_en": "Macedonia,Former Yugoslav Republic of"
            },
            {
                "code": "IMN",
                "name": "曼岛",
                "name_en": "Isle of Man"
            },
            {
                "code": "MDA",
                "name": "摩尔多瓦",
                "name_en": "Moldova"
            },
            {
                "code": "MCO",
                "name": "摩纳哥",
                "name_en": "Monaco"
            },
            {
                "code": "NOR",
                "name": "挪威",
                "name_en": "Norway"
            },
            {
                "code": "PRT",
                "name": "葡萄牙",
                "name_en": "Portugal"
            },
            {
                "code": "SWE",
                "name": "瑞典",
                "name_en": "Sweden"
            },
            {
                "code": "CHE",
                "name": "瑞士",
                "name_en": "Switzerland"
            },
            {
                "code": "SRB",
                "name": "塞尔维亚",
                "name_en": "Serbia"
            },
            {
                "code": "MNE",
                "name": "黑山",
                "name_en": "Montenegro"
            },
            {
                "code": "SVK",
                "name": "斯洛伐克",
                "name_en": "Slovakia"
            },
            {
                "code": "SVN",
                "name": "斯洛文尼亚",
                "name_en": "Slovenia"
            },
            {
                "code": "SJM",
                "name": "斯瓦尔巴和扬马廷",
                "name_en": "Svalbard and Jan Mayen"
            },
            {
                "code": "UKR",
                "name": "乌克兰",
                "name_en": "Ukraine"
            },
            {
                "code": "ESP",
                "name": "西班牙",
                "name_en": "Spain"
            },
            {
                "code": "GRC",
                "name": "希腊",
                "name_en": "Greece"
            },
            {
                "code": "HUN",
                "name": "匈牙利",
                "name_en": "Hungary"
            },
            {
                "code": "ITA",
                "name": "意大利",
                "name_en": "Italy"
            },
            {
                "code": "GBR",
                "name": "英国",
                "name_en": "United Kingdom"
            },
            {
                "code": "JEY",
                "name": "泽西岛",
                "name_en": "Jersey"
            },
            {
                "code": "SMR",
                "name": "圣马力诺",
                "name_en": "San Marino"
            },
            {
                "code": "SVK",
                "name": "斯洛伐克",
                "name_en": "Slovakia"
            },
            {
                "code": "SVN",
                "name": "斯洛文尼亚",
                "name_en": "Slovenia"
            },
            {
                "code": "SJM",
                "name": "斯瓦尔巴和扬马廷",
                "name_en": "Svalbard and Jan Mayen"
            },
            {
                "code": "UKR",
                "name": "乌克兰",
                "name_en": "Ukraine"
            },
            {
                "code": "ESP",
                "name": "西班牙",
                "name_en": "Spain"
            },
            {
                "code": "GRC",
                "name": "希腊",
                "name_en": "Greece"
            },
            {
                "code": "HUN",
                "name": "匈牙利",
                "name_en": "Hungary"
            },
            {
                "code": "ITA",
                "name": "意大利",
                "name_en": "Italy"
            },
            {
                "code": "GBR",
                "name": "英国",
                "name_en": "United Kingdom"
            },
            {
                "code": "JEY",
                "name": "泽西岛",
                "name_en": "Jersey"
            }
        ]
    },
    {
        "code": "AF",
        "name": "非洲",
        "name_en": "Africa",
        "children": [
            {
                "code": "DZA",
                "name": "阿尔及利亚",
                "name_en": "Algeria"
            },
            {
                "code": "ASC",
                "name": "阿森松岛",
                "name_en": "Ascension Island"
            },
            {
                "code": "EGY",
                "name": "埃及",
                "name_en": "Egypt"
            },
            {
                "code": "ETH",
                "name": "埃塞俄比亚",
                "name_en": "Ethiopia"
            },
            {
                "code": "AGO",
                "name": "安哥拉",
                "name_en": "Angola"
            },
            {
                "code": "BEN",
                "name": "贝宁",
                "name_en": "Benin"
            },
            {
                "code": "BWA",
                "name": "博茨瓦纳",
                "name_en": "Botswana"
            },
            {
                "code": "BFA",
                "name": "布基纳法索",
                "name_en": "Burkina Faso"
            },
            {
                "code": "BDI",
                "name": "布隆迪",
                "name_en": "Burundi"
            },
            {
                "code": "TGO",
                "name": "多哥",
                "name_en": "Togo"
            },
            {
                "code": "ERI",
                "name": "厄立特里亚",
                "name_en": "Eritrea"
            },
            {
                "code": "CPV",
                "name": "佛得角",
                "name_en": "Cape Verde"
            },
            {
                "code": "GMB",
                "name": "冈比亚",
                "name_en": "Gambia"
            },
            {
                "code": "COG",
                "name": "刚果",
                "name_en": "Congo"
            },
            {
                "code": "COD",
                "name": "刚果民主共和国",
                "name_en": "Congo(DRC)"
            },
            {
                "code": "DJI",
                "name": "吉布提",
                "name_en": "Djibouti"
            },
            {
                "code": "GIN",
                "name": "几内亚",
                "name_en": "Guinea"
            },
            {
                "code": "GNB",
                "name": "几内亚比绍",
                "name_en": "Guinea-Bissau"
            },
            {
                "code": "GHA",
                "name": "加纳",
                "name_en": "Ghana"
            },
            {
                "code": "GAB",
                "name": "加蓬",
                "name_en": "Gabon"
            },
            {
                "code": "ZWE",
                "name": "津巴布韦",
                "name_en": "Zimbabwe"
            },
            {
                "code": "CMR",
                "name": "喀麦隆",
                "name_en": "Cameroon"
            },
            {
                "code": "COM",
                "name": "科摩罗",
                "name_en": "Comoros"
            },
            {
                "code": "CIV",
                "name": "科特迪瓦",
                "name_en": "Cote d'Ivoire"
            },
            {
                "code": "KEN",
                "name": "肯尼亚",
                "name_en": "Kenya"
            },
            {
                "code": "LSO",
                "name": "莱索托",
                "name_en": "Lesotho"
            },
            {
                "code": "LBR",
                "name": "利比里亚",
                "name_en": "Liberia"
            },
            {
                "code": "LBY",
                "name": "利比亚",
                "name_en": "Libya"
            },
            {
                "code": "RWA",
                "name": "卢旺达",
                "name_en": "Rwanda"
            },
            {
                "code": "MDG",
                "name": "马达加斯加",
                "name_en": "Madagascar"
            },
            {
                "code": "MWI",
                "name": "马拉维",
                "name_en": "Malawi"
            },
            {
                "code": "MLI",
                "name": "马里",
                "name_en": "Mali"
            },
            {
                "code": "MYT",
                "name": "马约特岛",
                "name_en": "Mayotte"
            },
            {
                "code": "MUS",
                "name": "毛里求斯",
                "name_en": "Mauritius"
            },
            {
                "code": "MRT",
                "name": "毛里塔尼亚",
                "name_en": "Mauritania"
            },
            {
                "code": "MAR",
                "name": "摩洛哥",
                "name_en": "Morocco"
            },
            {
                "code": "MOZ",
                "name": "莫桑比克",
                "name_en": "Mozambique"
            },
            {
                "code": "NAM",
                "name": "纳米比亚",
                "name_en": "Namibia"
            },
            {
                "code": "ZAF",
                "name": "南非",
                "name_en": "South Africa"
            },
            {
                "code": "NER",
                "name": "尼日尔",
                "name_en": "Niger"
            },
            {
                "code": "NGA",
                "name": "尼日利亚",
                "name_en": "Nigeria"
            },
            {
                "code": "SLE",
                "name": "塞拉利昂",
                "name_en": "Sierra Leone"
            },
            {
                "code": "SEN",
                "name": "塞内加尔",
                "name_en": "Senegal"
            },
            {
                "code": "SYC",
                "name": "塞舌尔",
                "name_en": "Seychelles"
            },
            {
                "code": "STP",
                "name": "圣多美和普林西比",
                "name_en": "Sao Tome and Principe"
            },
            {
                "code": "SHN",
                "name": "圣赫勒拿",
                "name_en": "St.Helena"
            },
            {
                "code": "SWZ",
                "name": "斯威士兰",
                "name_en": "Swaziland"
            },
            {
                "code": "SDN",
                "name": "苏丹",
                "name_en": "Sudan"
            },
            {
                "code": "SOM",
                "name": "索马里",
                "name_en": "Somalia"
            },
            {
                "code": "TZA",
                "name": "坦桑尼亚",
                "name_en": "Tanzania"
            },
            {
                "code": "TUN",
                "name": "突尼斯",
                "name_en": "Tunisia"
            },
            {
                "code": "UGA",
                "name": "乌干达",
                "name_en": "Uganda"
            },
            {
                "code": "IOT",
                "name": "英属印度洋领地",
                "name_en": "British Indian Ocean Territory"
            },
            {
                "code": "ZMB",
                "name": "赞比亚",
                "name_en": "Zambia"
            },
            {
                "code": "TCD",
                "name": "乍得",
                "name_en": "Chad"
            },
            {
                "code": "GIB",
                "name": "直布罗陀",
                "name_en": "Gibraltar"
            },
            {
                "code": "CAF",
                "name": "中非共和国",
                "name_en": "Central African Republic"
            }
        ]
    },
    {
        "code": "NA",
        "name": "北美",
        "name_en": "North America",
        "children": [
            {
                "code": "ATG",
                "name": "安提瓜岛和巴布达",
                "name_en": "Antigua and Barbuda"
            },
            {
                "code": "BHS",
                "name": "巴哈马",
                "name_en": "Bahamas"
            },
            {
                "code": "PAN",
                "name": "巴拿马",
                "name_en": "Panama"
            },
            {
                "code": "BMU",
                "name": "百慕大",
                "name_en": "Bermuda"
            },
            {
                "code": "MNP",
                "name": "北马里亚纳群岛",
                "name_en": "Northern Mariana Islands"
            },
            {
                "code": "PRI",
                "name": "波多黎各",
                "name_en": "Puerto Rico"
            },
            {
                "code": "BLZ",
                "name": "伯利兹",
                "name_en": "Belize"
            },
            {
                "code": "DMA",
                "name": "多米尼加",
                "name_en": "Dominica"
            },
            {
                "code": "DOM",
                "name": "多米尼加共和国",
                "name_en": "Dominican Republic"
            },
            {
                "code": "CRI",
                "name": "哥斯达黎加",
                "name_en": "Costa Rica"
            },
            {
                "code": "GRD",
                "name": "格林纳达",
                "name_en": "Grenada"
            },
            {
                "code": "GRL",
                "name": "格陵兰",
                "name_en": "Greenland"
            },
            {
                "code": "CUB",
                "name": "古巴",
                "name_en": "Cuba"
            },
            {
                "code": "GLP",
                "name": "瓜德罗普",
                "name_en": "Guadeloupe"
            },
            {
                "code": "HTI",
                "name": "海地",
                "name_en": "Haiti"
            },
            {
                "code": "HND",
                "name": "洪都拉斯",
                "name_en": "Honduras"
            },
            {
                "code": "CAN",
                "name": "加拿大",
                "name_en": "Canada"
            },
            {
                "code": "CYM",
                "name": "开曼群岛",
                "name_en": "Cayman Islands"
            },
            {
                "code": "MTQ",
                "name": "马提尼克",
                "name_en": "Martinique"
            },
            {
                "code": "USA",
                "name": "美国",
                "name_en": "United States"
            },
            {
                "code": "UMI",
                "name": "美属外岛",
                "name_en": "United States Minor Outlying Islands"
            },
            {
                "code": "MSR",
                "name": "蒙特塞拉特",
                "name_en": "Montserrat"
            },
            {
                "code": "MEX",
                "name": "墨西哥",
                "name_en": "Mexico"
            },
            {
                "code": "NIC",
                "name": "尼加拉瓜",
                "name_en": "Nicaragua"
            },
            {
                "code": "NFK",
                "name": "诺福克",
                "name_en": "Norfolk Island"
            },
            {
                "code": "SLV",
                "name": "萨尔瓦多",
                "name_en": "El Salvador"
            },
            {
                "code": "KNA",
                "name": "圣基茨和尼维斯",
                "name_en": "St.Kitts and Nevis"
            },
            {
                "code": "LCA",
                "name": "圣卢西亚",
                "name_en": "St.Lucia"
            },
            {
                "code": "SPM",
                "name": "圣皮埃尔和米克隆群岛",
                "name_en": "St.Pierre and Miquelon"
            },
            {
                "code": "VCT",
                "name": "圣文森特和格林纳丁斯",
                "name_en": "St.Vincent and the Grenadines"
            },
            {
                "code": "TCA",
                "name": "特克斯和凯克特斯群岛",
                "name_en": "Turks and Caicos Islands"
            },
            {
                "code": "TTO",
                "name": "特立尼达和多巴哥",
                "name_en": "Trinidad and Tobago"
            },
            {
                "code": "GTM",
                "name": "危地马拉",
                "name_en": "Guatemala"
            },
            {
                "code": "VIR",
                "name": "维尔京群岛，美属",
                "name_en": "Virgin Islands"
            },
            {
                "code": "VGB",
                "name": "维尔京群岛，英属",
                "name_en": "Virgin Islands,British"
            },
            {
                "code": "JAM",
                "name": "牙买加",
                "name_en": "Jamaica"
            }
        ]
    },
    {
        "code": "SA",
        "name": "南美",
        "name_en": "South America",
        "children": [
            {
                "code": "ARG",
                "name": "阿根廷",
                "name_en": "Argentina"
            },
            {
                "code": "ABW",
                "name": "阿鲁巴",
                "name_en": "Aruba"
            },
            {
                "code": "AIA",
                "name": "安圭拉",
                "name_en": "Anguilla"
            },
            {
                "code": "BRB",
                "name": "巴巴多斯岛",
                "name_en": "Barbados"
            },
            {
                "code": "PRY",
                "name": "巴拉圭",
                "name_en": "Paraguay"
            },
            {
                "code": "BRA",
                "name": "巴西",
                "name_en": "Brazil"
            },
            {
                "code": "BOL",
                "name": "玻利维亚",
                "name_en": "Bolivia"
            },
            {
                "code": "ECU",
                "name": "厄瓜多尔",
                "name_en": "Ecuador"
            },
            {
                "code": "GUF",
                "name": "法属圭亚那",
                "name_en": "French Guiana"
            },
            {
                "code": "COL",
                "name": "哥伦比亚",
                "name_en": "Colombia"
            },
            {
                "code": "GUY",
                "name": "圭亚那",
                "name_en": "Guyana"
            },
            {
                "code": "ANT",
                "name": "荷属安地列斯",
                "name_en": "Netherlands Antilles"
            },
            {
                "code": "PER",
                "name": "秘鲁",
                "name_en": "Peru"
            },
            {
                "code": "SUR",
                "name": "苏里南",
                "name_en": "Suriname"
            },
            {
                "code": "TAA",
                "name": "特里斯坦达昆哈",
                "name_en": "Tristan da Cunha"
            },
            {
                "code": "VEN",
                "name": "委内瑞拉",
                "name_en": "Venezuela"
            },
            {
                "code": "URY",
                "name": "乌拉圭",
                "name_en": "Uruguay"
            },
            {
                "code": "CHL",
                "name": "智利",
                "name_en": "Chile"
            }
        ]
    },
    {
        "code": "OA",
        "name": "大洋洲",
        "name_en": "Oceania",
        "children": [
            {
                "code": "AUS",
                "name": "澳大利亚",
                "name_en": "Australia"
            },
            {
                "code": "PNG",
                "name": "巴布亚新几内亚",
                "name_en": "Papua New Guinea"
            },
            {
                "code": "PYF",
                "name": "法属波利尼西亚",
                "name_en": "Frech Polynesia"
            },
            {
                "code": "FJI",
                "name": "斐济",
                "name_en": "Fiji Islands"
            },
            {
                "code": "GUM",
                "name": "关岛",
                "name_en": "Guam"
            },
            {
                "code": "HMD",
                "name": "赫德和麦克唐纳群岛",
                "name_en": "Heard Island and McDonald Islands"
            },
            {
                "code": "KIR",
                "name": "基里巴斯",
                "name_en": "Kiribati"
            },
            {
                "code": "CCK",
                "name": "科科斯群岛",
                "name_en": "Cocos(Keeling)Islands"
            },
            {
                "code": "COK",
                "name": "库克群岛",
                "name_en": "Cook Islands"
            },
            {
                "code": "MHL",
                "name": "马绍尔群岛",
                "name_en": "Marshall Islands"
            },
            {
                "code": "ASM",
                "name": "美属萨摩亚",
                "name_en": "American Samoa"
            },
            {
                "code": "FSM",
                "name": "密克罗尼西亚",
                "name_en": "Micronesia"
            },
            {
                "code": "NRU",
                "name": "瑙鲁",
                "name_en": "Nauru"
            },
            {
                "code": "NIU",
                "name": "纽埃",
                "name_en": "Niue"
            },
            {
                "code": "PLW",
                "name": "帕劳群岛",
                "name_en": "Palau"
            },
            {
                "code": "PCN",
                "name": "皮特凯恩",
                "name_en": "Pitcairn Islands"
            },
            {
                "code": "WSM",
                "name": "萨摩亚",
                "name_en": "Samoa"
            },
            {
                "code": "CXR",
                "name": "圣诞岛",
                "name_en": "Christmas Island"
            },
            {
                "code": "SLB",
                "name": "所罗门群岛",
                "name_en": "Solomon Islands"
            },
            {
                "code": "TON",
                "name": "汤加",
                "name_en": "Tonga"
            },
            {
                "code": "TUV",
                "name": "图瓦卢",
                "name_en": "Tuvalu"
            },
            {
                "code": "TKL",
                "name": "托克劳",
                "name_en": "Tokelau"
            },
            {
                "code": "WLF",
                "name": "瓦利斯和福图纳",
                "name_en": "Wallis and Futuna"
            },
            {
                "code": "VUT",
                "name": "瓦努阿图",
                "name_en": "Vanuatu"
            },
            {
                "code": "NCL",
                "name": "新喀里多尼亚",
                "name_en": "New Caledonia"
            },
            {
                "code": "NZL",
                "name": "新西兰",
                "name_en": "New Zealand"
            }
        ]
    },
    {
        "code": "AN",
        "name": "南极洲",
        "name_en": "Antarctica",
        "children": [
            {
                "code": "SGS",
                "name": "南乔治亚和南桑德威奇群岛",
                "name_en": "South Georgia and South Sandwich Islands"
            },
            {
                "code": "GEO",
                "name": "乔治亚",
                "name_en": "Georgia"
            }
        ]
    }
]
